OderId,FirstName,LastName,TicketNumber,EventDate
1,Angele,Gowdy,UR6XWTAYOC,2018-11-20 9:05:00
1,Debora,Bangs,J6THN9SP11,2018-11-20 9:40:00
1,Golda,Drakeford,SN5RN5DWYM,2018-11-20 10:05:00
2,Exie,Cournoyer,XWVDXF1648,2018-12-04 10:45:00
3,Loreta,Arcuri,DYN0SIH81X,2018-12-21 11:05:00
3,Dominic,Minich,RQM23P4B7F,2018-12-21 11:50:00
3,Jerold,Lumpkins,IQGGURFB7K,2018-12-21 11:55:00
3,Esther,Wehling,YLTGIIY3FA,2018-12-21 12:05:00
3,Guy,Fukushima,HDK6UI6RSE,2018-12-21 12:25:00
3,Rebeca,Waddell,CYUX67XCJ7,2018-12-21 12:35:00
3,Sidney,Shover,SK1WRNWY4Q,2018-12-21 12:50:00
4,Sherise,Pizana,FA9741Z4XI,2018-12-26 13:35:00
4,Chia,Clauss,QMWOIQ1G2C,2018-12-26 14:50:00
4,Annabell,Esser,TVOH49NQLP,2018-12-26 15:00:00
4,Soo,Czerwinski,EDMRGZ5Y1M,2018-12-26 15:10:00
5,Regan,Garrow,HVY2DPYCOV,2018-12-04 15:40:00
5,Arnette,Corprew,SOH3C8PIKJ,2018-12-04 15:55:00
6,Lee,Hatley,RGZ79CGKCY,2018-11-20 16:05:00
7,Rosio,Calvi,IUUSFFJV6D,2018-11-20 16:30:00
7,Kristofer,Redding,3O5SZI5RFG,2018-11-20 16:50:00